{
  "project_info": {
    "project_number": "151142940303",
    "project_id": "quotes12-aaf34",
    "storage_bucket": "quotes12-aaf34.firebasestorage.app"
  },
  "client": [
    {
      "client_info": {
        "mobilesdk_app_id": "1:151142940303:android:2353f7cccd6cce61833afa",
        "android_client_info": {
          "package_name": "com.example.quotes"
        }
      },
      "oauth_client": [],
      "api_key": [
        {
          "current_key": "AIzaSyDJtPnSnpb0hPISdFxcVBHqg3p8BYCgdYI"
        }
      ],
      "services": {
        "appinvite_service": {
          "other_platform_oauth_client": []
        }
      }
    }
  ],
  "configuration_version": "1"
}